{
  "1": 0.6908212560386473,
  "2": 0.14009661835748793,
  "3": 0.10628019323671498,
  "4": 0.028985507246376812,
  "5": 0.014492753623188406,
  "6": 0.00966183574879227,
  "7": 0.00966183574879227
}