{
  "1": 0.0043859649122807015,
  "2": 0.0043859649122807015,
  "3": 0.0043859649122807015,
  "4": 0.0043859649122807015,
  "5": 0.0043859649122807015,
  "6": 0.0043859649122807015,
  "7": 0.0043859649122807015,
  "8": 0.0043859649122807015,
  "9": 0.0043859649122807015,
  "10": 0.0043859649122807015,
  "11": 0.0043859649122807015,
  "12": 0.0043859649122807015,
  "13": 0.0043859649122807015,
  "14": 0.0043859649122807015,
  "15": 0.0043859649122807015,
  "16": 0.0043859649122807015,
  "17": 0.0043859649122807015,
  "18": 0.0043859649122807015,
  "19": 0.0043859649122807015,
  "20": 0.0043859649122807015,
  "21": 0.0043859649122807015,
  "22": 0.0043859649122807015,
  "23": 0.0043859649122807015,
  "24": 0.0043859649122807015,
  "25": 0.0043859649122807015,
  "26": 0.0043859649122807015,
  "27": 0.0043859649122807015,
  "28": 0.881578947368421
}