{
  "1": 0.541871921182266,
  "2": 0.39408866995073893,
  "3": 0.06403940886699508
}