{
  "1": 0.16842105263157894,
  "2": 0.09473684210526316,
  "3": 0.056140350877192984,
  "4": 0.042105263157894736,
  "5": 0.021052631578947368,
  "6": 0.031578947368421054,
  "7": 0.03508771929824561,
  "8": 0.028070175438596492,
  "9": 0.014035087719298246,
  "10": 0.014035087719298246,
  "11": 0.017543859649122806,
  "12": 0.017543859649122806,
  "13": 0.014035087719298246,
  "14": 0.02456140350877193,
  "15": 0.007017543859649123,
  "16": 0.014035087719298246,
  "17": 0.010526315789473684,
  "18": 0.017543859649122806,
  "19": 0.0035087719298245615,
  "20": 0.014035087719298246,
  "21": 0.010526315789473684,
  "22": 0.010526315789473684,
  "23": 0.017543859649122806,
  "24": 0.010526315789473684,
  "25": 0.010526315789473684,
  "26": 0.014035087719298246,
  "27": 0.010526315789473684,
  "28": 0.010526315789473684,
  "29": 0.0035087719298245615,
  "30": 0.007017543859649123,
  "31": 0.017543859649122806,
  "32": 0.010526315789473684,
  "33": 0.0035087719298245615,
  "34": 0.007017543859649123,
  "35": 0.0035087719298245615,
  "36": 0.0035087719298245615,
  "37": 0.007017543859649123,
  "38": 0.0035087719298245615,
  "39": 0.0035087719298245615,
  "40": 0.007017543859649123,
  "41": 0.0035087719298245615,
  "42": 0.0035087719298245615,
  "43": 0.007017543859649123,
  "44": 0.0035087719298245615,
  "45": 0.007017543859649123,
  "46": 0.010526315789473684,
  "47": 0.007017543859649123,
  "48": 0.0035087719298245615,
  "49": 0.0035087719298245615,
  "50": 0.0035087719298245615,
  "51": 0.0035087719298245615,
  "52": 0.0035087719298245615,
  "53": 0.0035087719298245615,
  "54": 0.0035087719298245615,
  "55": 0.0035087719298245615,
  "56": 0.0035087719298245615,
  "57": 0.0035087719298245615,
  "58": 0.0035087719298245615,
  "59": 0.0035087719298245615,
  "60": 0.007017543859649123,
  "61": 0.0035087719298245615,
  "62": 0.0035087719298245615,
  "63": 0.0035087719298245615,
  "64": 0.0035087719298245615,
  "65": 0.0035087719298245615,
  "66": 0.0035087719298245615,
  "67": 0.0035087719298245615,
  "68": 0.0035087719298245615,
  "69": 0.0035087719298245615,
  "70": 0.0035087719298245615,
  "71": 0.0035087719298245615,
  "72": 0.0035087719298245615,
  "73": 0.0035087719298245615,
  "74": 0.0035087719298245615,
  "75": 0.0035087719298245615,
  "76": 0.0035087719298245615,
  "77": 0.0035087719298245615,
  "78": 0.0035087719298245615,
  "79": 0.0035087719298245615,
  "80": 0.0035087719298245615,
  "81": 0.0035087719298245615,
  "82": 0.0035087719298245615,
  "83": 0.0035087719298245615,
  "84": 0.0035087719298245615,
  "85": 0.007017543859649123
}